{
    "precision": 0.8401859405986213,
    "recall": 0.8635453391981809,
    "map50": 0.9203544056777221,
    "map50_95": 0.6584634652252396,
    "class_wise_metrics": {
        "WBC": {
            "map": 0.8173
        },
        "RBC": {
            "map": 0.66181
        },
        "Platelets": {
            "map": 0.49628
        }
    }
}